cat1.jpg,0
cat10.jpg,0
cat100.jpg,0
cat101.jpg,0
cat102.jpg,0
cat103.jpg,0
cat104.jpg,0
cat105.jpg,0
cat106.jpg,0
cat107.jpg,0
cat108.jpg,0
cat109.jpg,0
cat11.jpg,0
cat110.jpg,0
cat111.jpg,0
cat112.jpg,0
cat113.jpg,0
cat114.jpg,0
cat115.jpg,0
cat116.jpg,0
cat117.jpg,0
cat118.jpg,0
cat119.jpg,0
cat12.jpg,0
cat120.jpg,0
cat121.jpg,0
cat122.jpg,0
cat123.jpg,0
cat124.jpg,0
cat125.jpg,0
cat126.jpg,0
cat127.jpg,0
cat128.jpg,0
cat129.jpg,0
cat13.jpg,0
cat130.jpg,0
cat131.jpg,0
cat132.jpg,0
cat133.jpg,0
cat134.jpg,0
cat135.jpg,0
cat136.jpg,0
cat137.jpg,0
cat138.jpg,0
cat139.jpg,0
cat14.jpg,0
cat140.jpg,0
cat141.jpg,0
cat142.jpg,0
cat143.jpg,0
cat144.jpg,0
cat145.jpg,0
cat146.jpg,0
cat147.jpg,0
cat148.jpg,0
cat149.jpg,0
cat15.jpg,0
cat150.jpg,0
cat151.jpg,0
cat152.jpg,0
cat153.jpg,0
cat154.jpg,0
cat155.jpg,0
cat156.jpg,0
cat157.jpg,0
cat158.jpg,0
cat159.jpg,0
cat16.jpg,0
cat160.jpg,0
cat161.jpg,0
cat162.jpg,0
cat163.jpg,0
cat164.jpg,0
cat165.jpg,0
cat166.jpg,0
cat167.jpg,0
cat168.jpg,0
cat169.jpg,0
cat17.jpg,0
cat170.jpg,0
cat171.jpg,0
cat172.jpg,0
cat173.jpg,0
cat174.jpg,0
cat175.jpg,0
cat176.jpg,0
cat177.jpg,0
cat178.jpg,0
cat179.jpg,0
cat18.jpg,0
cat180.jpg,0
cat181.jpg,0
cat182.jpg,0
cat183.jpg,0
cat184.jpg,0
cat185.jpg,0
cat187.jpg,0
cat188.jpg,0
cat189.jpg,0
cat19.jpg,0
cat190.jpg,0
cat191.jpg,0
cat192.jpg,0
cat193.jpg,0
cat194.jpg,0
cat195.jpg,0
cat196.jpg,0
cat197.jpg,0
cat198.jpg,0
cat199.jpg,0
cat2.jpg,0
cat20.jpg,0
cat200.jpg,0
cat201.jpg,0
cat202.jpg,0
cat203.jpg,0
cat204.jpg,0
cat205.jpg,0
cat206.jpg,0
cat207.jpg,0
cat208.jpg,0
cat209.jpg,0
cat21.jpg,0
cat210.jpg,0
cat211.jpg,0
cat212.jpg,0
cat213.jpg,0
cat214.jpg,0
cat215.jpg,0
cat216.jpg,0
cat217.jpg,0
cat218.jpg,0
cat219.jpg,0
cat22.jpg,0
cat220.jpg,0
cat221.jpg,0
cat222.jpg,0
cat223.jpg,0
cat224.jpg,0
cat225.jpg,0
cat226.jpg,0
cat227.jpg,0
cat228.jpg,0
cat229.jpg,0
cat23.jpg,0
cat230.jpg,0
cat231.jpg,0
cat232.jpg,0
cat233.jpg,0
cat234.jpg,0
cat235.jpg,0
cat236.jpg,0
cat237.jpg,0
cat238.jpg,0
cat24.jpg,0
cat240.jpg,0
cat241.jpg,0
cat242.jpg,0
cat243.jpg,0
cat244.jpg,0
cat245.jpg,0
cat246.jpg,0
cat247.jpg,0
cat248.jpg,0
cat249.jpg,0
cat25.jpg,0
cat250.jpg,0
cat251.jpg,0
cat252.jpg,0
cat253.jpg,0
cat254.jpg,0
cat255.jpg,0
cat256.jpg,0
cat257.jpg,0
cat258.jpg,0
cat259.jpg,0
cat26.jpg,0
cat260.jpg,0
cat261.jpg,0
cat262.jpg,0
cat263.jpg,0
cat264.jpg,0
cat265.jpg,0
cat266.jpg,0
cat268.jpg,0
cat269.jpg,0
cat27.jpg,0
cat270.jpg,0
cat271.jpg,0
cat272.jpg,0
cat273.jpg,0
cat274.jpg,0
cat275.jpg,0
cat276.jpg,0
cat277.jpg,0
cat278.jpg,0
cat279.jpg,0
cat28.jpg,0
cat280.jpg,0
cat281.jpg,0
cat282.jpg,0
cat283.jpg,0
cat284.jpg,0
cat285.jpg,0
cat286.jpg,0
cat287.jpg,0
cat288.jpg,0
cat289.jpg,0
cat29.jpg,0
cat290.jpg,0
cat291.jpg,0
cat292.jpg,0
cat293.jpg,0
cat294.jpg,0
cat295.jpg,0
cat296.jpg,0
cat297.jpg,0
cat298.jpg,0
cat299.jpg,0
cat3.jpg,0
cat30.jpg,0
cat300.jpg,0
cat301.jpg,0
cat302.jpg,0
cat303.jpg,0
cat304.jpg,0
cat305.jpg,0
cat306.jpg,0
cat307.jpg,0
cat308.jpg,0
cat309.jpg,0
cat31.jpg,0
cat310.jpg,0
cat311.jpg,0
cat312.jpg,0
cat313.jpg,0
cat314.jpg,0
cat315.jpg,0
cat316.jpg,0
cat317.jpg,0
cat318.jpg,0
cat319.jpg,0
cat32.jpg,0
cat320.jpg,0
cat321.jpg,0
cat323.jpg,0
cat324.jpg,0
cat325.jpg,0
cat326.jpg,0
cat327.jpg,0
cat328.jpg,0
cat329.jpg,0
cat33.jpg,0
cat330.jpg,0
cat331.jpg,0
cat332.jpg,0
cat333.jpg,0
cat334.jpg,0
cat335.jpg,0
cat336.jpg,0
cat337.jpg,0
cat338.jpg,0
cat339.jpg,0
cat34.jpg,0
cat340.jpg,0
cat341.jpg,0
cat342.jpg,0
cat343.jpg,0
cat344.jpg,0
cat346.jpg,0
cat347.jpg,0
cat348.jpg,0
cat349.jpg,0
cat35.jpg,0
cat350.jpg,0
cat351.jpg,0
cat352.jpg,0
cat353.jpg,0
cat354.jpg,0
cat355.jpg,0
cat356.jpg,0
cat357.jpg,0
cat358.jpg,0
cat359.jpg,0
cat36.jpg,0
cat360.jpg,0
cat361.jpg,0
cat362.jpg,0
cat363.jpg,0
cat364.jpg,0
cat365.jpg,0
cat366.jpg,0
cat367.jpg,0
cat368.jpg,0
cat37.jpg,0
cat370.jpg,0
cat371.jpg,0
cat372.jpg,0
cat373.jpg,0
cat374.jpg,0
cat375.jpg,0
cat376.jpg,0
cat377.jpg,0
cat378.jpg,0
cat379.jpg,0
cat38.jpg,0
cat380.jpg,0
cat381.jpg,0
cat382.jpg,0
cat383.jpg,0
cat384.jpg,0
cat385.jpg,0
cat386.jpg,0
cat387.jpg,0
cat388.jpg,0
cat389.jpg,0
cat39.jpg,0
cat390.jpg,0
cat392.jpg,0
cat393.jpg,0
cat394.jpg,0
cat395.jpg,0
cat396.jpg,0
cat397.jpg,0
cat398.jpg,0
cat399.jpg,0
cat4.jpg,0
cat40.jpg,0
cat400.jpg,0
cat401.jpg,0
cat402.jpg,0
cat403.jpg,0
cat404.jpg,0
cat405.jpg,0
cat406.jpg,0
cat407.jpg,0
cat408.jpg,0
cat409.jpg,0
cat41.jpg,0
cat410.jpg,0
cat411.jpg,0
cat412.jpg,0
cat413.jpg,0
cat414.jpg,0
cat415.jpg,0
cat416.jpg,0
cat417.jpg,0
cat418.jpg,0
cat419.jpg,0
cat42.jpg,0
cat420.jpg,0
cat421.jpg,0
cat422.jpg,0
cat423.jpg,0
cat424.jpg,0
cat425.jpg,0
cat427.jpg,0
cat428.jpg,0
cat429.jpg,0
cat43.jpg,0
cat430.jpg,0
cat431.jpg,0
cat433.jpg,0
cat434.jpg,0
cat435.jpg,0
cat436.jpg,0
cat437.jpg,0
cat438.jpg,0
cat439.jpg,0
cat44.jpg,0
cat440.jpg,0
cat441.jpg,0
cat442.jpg,0
cat443.jpg,0
cat444.jpg,0
cat445.jpg,0
cat446.jpg,0
cat447.jpg,0
cat448.jpg,0
cat449.jpg,0
cat45.jpg,0
cat451.jpg,0
cat452.jpg,0
cat453.jpg,0
cat454.jpg,0
cat456.jpg,0
cat457.jpg,0
cat458.jpg,0
cat459.jpg,0
cat46.jpg,0
cat460.jpg,0
cat461.jpg,0
cat462.jpg,0
cat463.jpg,0
cat464.jpg,0
cat465.jpg,0
cat466.jpg,0
cat467.jpg,0
cat468.jpg,0
cat469.jpg,0
cat47.jpg,0
cat470.jpg,0
cat471.jpg,0
cat472.jpg,0
cat473.jpg,0
cat474.jpg,0
cat475.jpg,0
cat476.jpg,0
cat477.jpg,0
cat478.jpg,0
cat479.jpg,0
cat48.jpg,0
cat480.jpg,0
cat481.jpg,0
cat482.jpg,0
cat483.jpg,0
cat484.jpg,0
cat485.jpg,0
cat486.jpg,0
cat487.jpg,0
cat488.jpg,0
cat489.jpg,0
cat49.jpg,0
cat490.jpg,0
cat491.jpg,0
cat493.jpg,0
cat494.jpg,0
cat495.jpg,0
cat496.jpg,0
cat497.jpg,0
cat499.jpg,0
cat5.jpg,0
cat50.jpg,0
cat500.jpg,0
cat501.jpg,0
cat502.jpg,0
cat503.jpg,0
cat505.jpg,0
cat506.jpg,0
cat507.jpg,0
cat508.jpg,0
cat509.jpg,0
cat51.jpg,0
cat510.jpg,0
cat511.jpg,0
cat512.jpg,0
cat513.jpg,0
cat514.jpg,0
cat515.jpg,0
cat516.jpg,0
cat517.jpg,0
cat518.jpg,0
cat519.jpg,0
cat52.jpg,0
cat520.jpg,0
cat521.jpg,0
cat522.jpg,0
cat523.jpg,0
cat524.jpg,0
cat525.jpg,0
cat526.jpg,0
cat527.jpg,0
cat528.jpg,0
cat529.jpg,0
cat53.jpg,0
cat530.jpg,0
cat531.jpg,0
cat532.jpg,0
cat533.jpg,0
cat534.jpg,0
cat535.jpg,0
cat54.jpg,0
cat55.jpg,0
cat56.jpg,0
cat57.jpg,0
cat58.jpg,0
cat59.jpg,0
cat6.jpg,0
cat60.jpg,0
cat61.jpg,0
cat62.jpg,0
cat63.jpg,0
cat64.jpg,0
cat65.jpg,0
cat66.jpg,0
cat67.jpg,0
cat68.jpg,0
cat69.jpg,0
cat7.jpg,0
cat70.jpg,0
cat71.jpg,0
cat72.jpg,0
cat73.jpg,0
cat74.jpg,0
cat75.jpg,0
cat76.jpg,0
cat77.jpg,0
cat78.jpg,0
cat79.jpg,0
cat8.jpg,0
cat80.jpg,0
cat81.jpg,0
cat82.jpg,0
cat83.jpg,0
cat84.jpg,0
cat85.jpg,0
cat86.jpg,0
cat87.jpg,0
cat88.jpg,0
cat89.jpg,0
cat9.jpg,0
cat90.jpg,0
cat91.jpg,0
cat92.jpg,0
cat93.jpg,0
cat94.jpg,0
cat95.jpg,0
cat96.jpg,0
cat97.jpg,0
cat98.jpg,0
cat99.jpg,0
